Gender	Age	OGrade	IGrade
M	30	-	1
M	27	-	1
F	30	-	1
F	25	-	1
F	30	-	1
F	23	-	1
F	29	-	1
F	18	-	1
F	20	-	1
F	25	-	1
F	36	-	1
F	24	-	1
F	23	-	1
F	47	-	1
F	26	-	1
F	25	-	1
F	23	-	1
F	20	-	1
F	24	-	1
F	39	-	1
F	19	-	1
M	22	-	1
F	39	-	1
M	22	-	1
M	44	-	1
M	28	-	1
M	37	-	1
M	25	-	1
M	55	-	1
F	51	-	1
F	28	-	1
M	28	-	1
F	31	-	1
M	41	-	1
M	47	-	1
M	48	-	1
F	29	-	1
M	24	-	1
F	22	-	1
M	24	-	1
M	24	-	1
M	23	-	1
M	27	-	1
M	27	-	1
F	43	-	1
M	34	-	1
M	42	-	1
F	43	-	1
F	27	-	1
F	31	-	1
F	36	-	1
F	25	-	1
M	29	-	1
F	53	-	1
M	38	-	1
M	24	-	1
M	24	-	1
F	45	-	1
F	25	-	1
M	55	-	1
F	29	-	1
F	26	-	1
F	22	-	1
M	26	-	1
M	50	-	1
F	25	-	1
M	22	-	1
F	47	-	1
M	28	-	1
F	27	-	1
F	54	-	1
M	35	-	1
F	40	-	1
M	24	-	1
F	24	-	1
F	35	-	1
F	32	-	1
F	27	-	1
F	24	-	1
M	42	-	1
F	25	-	1
M	19	-	1
M	37	-	1
F	21	-	1
M	25	-	1
M	30	-	1
M	30	-	1
M	27	-	1
F	31	-	1
M	27	-	1
M	27	-	1
F	33	-	1
F	29	-	1
F	60	-	1
M	56	-	1
F	25	-	1
M	37	-	1
M	33	-	1
M	26	-	1
M	18	-	1
M	25	-	1
M	24	-	1
F	23	-	1
M	27	-	1
F	43	-	1
M	35	-	1
M	18	-	1
M	37	-	1
M	54	-	1
M	27	-	1
M	34	-	1
M	27	-	1
M	54	-	1
M	39	-	1
M	57	-	1
M	27	-	1
M	26	-	1
M	24	-	1
M	34	-	1
F	25	-	1
M	23	-	1
M	31	-	1
M	27	-	1
M	43	-	1
M	34	-	1
F	32	-	1
F	39	-	1
F	43	-	1
F	30	-	1
F	39	-	1
F	29	-	1
F	37	-	1
F	23	-	1
F	21	-	1
F	30	-	1
F	29	-	1
F	24	-	1
F	29	-	1
M	60	-	1
M	44	-	1
M	37	-	1
M	55	-	1
M	47	-	1
M	31	-	1
M	38	-	1
M	42	-	1
M	38	-	1
M	33	-	1
M	29	-	1
M	37	-	1
M	34	-	1
M	40	-	1
F	31	-	1
F	52	-	1
F	26	-	1
F	32	-	1
F	32	-	1
F	26	-	1
F	26	-	1
F	35	-	1
F	30	-	1
F	26	-	1
M	26	-	1
M	24	-	1
F	52	-	1
F	26	-	1
M	36	-	1
M	21	-	1
M	44	-	1
M	42	-	1
M	25	-	1
M	42	-	1
M	26	-	1
M	43	-	1
M	61	-	1
M	35	-	1
F	47	-	1
M	47	-	1
M	40	-	1
M	49	-	1
M	26	-	1
M	50	-	1
M	36	-	1
F	32	-	1
F	44	-	1
M	31	-	1
M	36	-	1
F	27	-	1
F	22	-	1
F	25	-	1
F	24	-	1
M	41	-	1
M	42	-	1
M	32	-	1
M	61	-	1
M	33	-	1
M	40	-	1
M	42	-	1
M	23	-	1
M	39	-	1
M	58	-	1
M	59	-	1
M	51	-	1
M	27	-	1
M	44	-	1
F	26	-	1
F	40	-	1
F	41	-	1
F	24	-	1
F	54	-	1
F	55	-	1
F	53	-	1
F	20	-	1
M	36	-	1
M	22	-	1
F	52	-	1
M	32	-	1
M	33	-	1
F	20	-	1
M	27	-	1
F	22	-	1
M	27	-	1
F	36	-	1
M	34	-	1
M	24	-	1
M	32	-	1
M	35	-	1
M	21	-	1
M	43	-	1
M	26	-	1
M	25	-	1
M	29	-	1
F	43	-	1
M	24	-	1
M	29	-	1
M	31	-	1
M	32	-	1
M	32	-	1
F	32	-	1
F	35	-	1
F	27	-	1
F	52	-	1
F	27	-	1
F	23	-	1
F	29	-	1
F	36	-	1
F	24	-	1
F	34	-	1
F	44	-	1
F	49	-	1
F	40	-	1
F	28	-	1
F	35	-	1
F	23	-	1
F	26	-	1
F	27	-	1
F	28	-	1
F	27	-	1
F	32	-	1
F	33	-	1
M	32	-	1
M	45	-	1
M	46	-	1
M	32	-	1
M	56	-	1
M	21	-	1
M	38	-	1
M	49	-	1
M	51	-	1
M	41	-	1
F	44	-	1
F	32	-	1
F	46	-	1
F	34	-	1
F	37	-	1
F	48	-	1
F	28	-	1
F	34	-	1
F	30	-	1
F	33	-	1
F	34	-	1
M	27	-	1
F	25	-	1
F	48	2	1
M	49	1	1
F	20	1	1
F	29	-	1
F	29	1	1
F	23	-	1
F	20	1	1
M	27	-	1
F	26	-	1
F	20	1	1
F	30	1	1
F	28	1	1
F	32	-	1
F	32	-	1
F	24	-	1
F	27	-	1
F	25	-	1
M	27	5	1
M	56	-	1
F	55	-	1
F	26	-	1
F	53	-	1
F	25	-	1
F	39	-	1
F	31	1	1
F	45	-	1
F	39	-	1
F	42	-	1
F	26	-	1
F	45	-	1
F	44	-	1
F	57	-	1
F	56	-	1
F	35	-	1
F	66	-	1
F	56	-	1
F	69	-	1
F	30	-	1
M	27	1	1
F	47	-	1
M	30	-	1
M	36	1	1
F	30	-	1
F	24	-	1
F	19	1	1
F	28	-	1
F	28	-	1
F	46	-	1
F	40	1	1
F	38	-	1
F	40	-	1
F	43	-	1
F	23	5	1
F	28	-	1
F	40	-	1
F	26	-	1
M	32	1	1
M	29	-	1
M	24	-	1
M	21	-	1
M	26	1	1
M	28	-	1
F	30	-	1
F	52	-	1
F	55	1	1
F	32	-	1
F	26	-	1
F	30	-	1
F	25	-	1
F	34	-	1
F	43	5	1
F	39	-	1
F	34	-	1
F	33	-	1
F	25	-	1
F	29	-	1
F	25	-	1
F	28	-	1
F	69	-	1
F	48	5	1
F	28	-	1
F	28	-	1
F	30	-	1
F	33	-	1
F	40	-	1
M	37	-	1
M	20	-	1
M	45	-	1
M	49	-	1
M	55	-	1
F	27	1	1
F	28	-	1
F	30	-	1
F	29	-	1
F	24	-	1
F	21	-	1
M	25	1	1
M	36	-	1
M	33	-	1
F	24	-	1
F	22	-	1
F	54	-	1
F	24	5	1
F	40	-	1
F	28	-	1
F	35	-	1
F	24	-	1
F	38	-	1
F	29	-	1
F	37	-	1
F	32	5	1
F	23	-	1
F	37	-	1
F	46	-	1
F	43	-	1
F	26	-	1
F	35	-	1
F	28	-	1
F	40	-	1
F	21	1	1
F	51	-	1
M	27	-	1
M	41	-	1
M	22	-	1
M	30	1	1
M	32	-	1
M	20	1	1
M	22	-	1
M	30	-	1
M	24	-	1
M	35	-	1
M	33	1	1
M	33	2	1
F	60	-	1
M	31	5	1
M	31	-	1
M	20	1	1
M	29	1	1
M	29	-	1
F	19	-	1
F	30	-	1
F	26	1	1
F	39	-	1
F	30	-	1
F	27	1	1
F	40	5	1
F	29	-	1
F	37	-	1
F	49	-	1
F	35	1	1
F	33	-	1
F	34	-	1
F	36	5	1
F	32	-	1
F	41	-	1
F	52	-	1
F	33	1	1
M	25	1	1
M	30	-	1
M	36	-	1
M	23	-	1
M	33	-	1
M	25	-	1
M	21	1	1
M	36	-	1
M	31	1	1
M	24	-	1
M	28	-	1
M	34	-	1
M	30	1	1
M	34	-	1
M	35	-	1
M	33	1	1
F	32	-	1
M	28	-	1
F	45	-	1
F	28	-	1
F	54	-	1
F	29	-	1
F	46	-	1
F	31	-	1
F	25	-	1
F	26	-	1
F	31	-	1
F	21	-	1
F	52	-	1
F	45	-	1
F	47	-	1
F	23	-	1
F	33	-	1
F	51	-	1
F	29	1	1
M	36	-	1
M	29	1	1
M	19	1	1
M	27	-	1
M	51	-	1
M	36	1	1
F	47	-	1
M	51	-	1
M	42	-	1
F	37	-	1
F	29	-	1
F	28	1	1
F	26	-	1
F	27	-	1
F	20	-	1
F	33	-	1
M	28	-	1
M	44	-	1
M	47	-	1
M	43	1	1
M	28	-	1
M	31	-	1
F	25	-	1
F	23	-	1
F	36	-	1
F	18	1	2
M	51	1	2
M	18	-	2
M	19	-	2
F	33	-	2
M	22	-	2
M	25	-	2
M	21	-	2
M	21	-	2
F	26	1	2
F	38	-	2
M	23	-	2
F	30	-	2
M	19	2	2
F	25	-	2
F	20	-	2
F	23	-	2
M	25	1	2
F	23	-	2
M	31	1	2
F	26	-	2
F	25	-	2
M	24	1	2
M	19	1	2
F	24	-	2
M	29	1	2
F	23	-	2
F	23	2	2
F	29	1	2
M	31	5	2
M	25	-	2
F	23	-	2
F	19	-	2
F	28	-	2
F	27	-	2
F	19	-	2
M	21	1	2
M	20	1	2
M	19	-	2
F	38	5	2
F	22	1	2
M	37	-	2
M	21	-	2
M	31	-	2
M	47	-	2
M	27	-	2
M	35	1	2
M	18	5	2
F	25	-	2
F	52	-	2
M	26	1	2
M	37	-	2
M	19	-	2
M	28	5	2
M	23	-	2
M	21	-	2
M	39	-	2
M	32	1	2
F	25	-	2
M	29	-	2
M	18	-	2
M	25	-	2
M	30	2	2
M	23	1	2
M	30	-	2
M	28	1	2
F	27	2	2
M	42	5	2
M	20	-	2
M	31	-	2
F	30	-	2
M	31	5	2
M	27	-	2
M	34	-	2
M	37	-	2
M	34	-	2
M	19	1	2
M	26	-	2
M	35	-	2
M	21	-	2
M	49	-	2
M	38	-	2
F	26	-	2
M	25	-	2
M	28	1	2
F	31	1	2
M	42	-	2
M	30	-	2
M	42	-	2
M	46	-	2
M	24	1	2
F	33	-	2
M	26	-	2
F	39	-	2
F	27	-	2
M	23	-	2
F	31	-	2
M	34	-	2
M	43	-	2
M	28	-	2
M	35	1	2
F	27	-	2
F	25	-	2
F	28	1	2
F	26	-	2
M	20	1	2
F	26	-	2
F	35	-	2
F	24	5	2
M	27	1	2
M	29	5	2
F	38	-	2
F	25	5	2
F	61	-	2
M	48	-	2
M	31	-	2
M	26	1	2
M	42	-	2
M	43	-	2
M	33	-	2
M	27	-	2
M	20	1	2
M	31	-	2
M	28	1	2
M	47	-	2
F	62	-	2
F	50	-	2
F	19	1	2
F	39	-	2
F	32	-	2
M	37	2	2
M	29	-	2
M	44	-	2
M	28	-	2
M	26	-	2
M	34	-	2
M	20	1	2
M	37	-	2
M	59	-	2
F	41	5	2
M	31	-	2
M	35	-	2
M	23	-	2
F	23	-	2
M	24	-	2
M	29	-	2
F	26	-	2
M	26	-	2
F	22	-	2
M	22	-	2
M	26	-	2
M	35	-	2
M	46	-	2
M	38	-	2
M	31	-	2
M	37	-	2
M	25	-	2
M	25	-	2
M	33	2	2
M	51	-	2
M	49	-	2
M	31	-	2
M	28	-	2
M	58	-	2
F	31	-	2
F	25	-	2
F	28	-	2
M	31	-	2
M	20	-	2
M	43	-	2
M	46	-	2
M	43	-	2
M	34	-	2
M	47	-	2
M	27	-	2
F	27	-	2
F	20	-	2
F	21	-	2
F	30	-	2
M	43	-	2
F	38	-	2
F	30	-	2
F	27	-	2
F	31	-	2
F	24	-	2
F	26	1	2
M	47	-	2
M	56	-	2
M	33	-	2
F	27	1	2
F	26	-	2
M	19	-	2
M	35	1	2
M	26	-	2
M	27	4	2
M	42	-	2
M	37	1	2
M	39	-	2
M	28	-	2
F	19	-	2
F	32	-	2
F	28	-	2
F	30	-	2
F	31	-	2
M	25	-	2
M	29	-	2
F	18	-	2
M	43	1	2
M	55	-	2
M	44	-	2
M	35	1	2
M	38	1	2
M	47	-	2
F	42	1	2
M	18	2	2
M	23	-	2
M	30	-	2
M	38	-	2
F	44	-	2
M	31	-	2
M	26	1	2
M	47	-	2
M	25	5	2
M	36	-	2
F	33	-	2
F	22	-	2
F	43	1	2
F	42	-	2
F	49	-	2
M	36	1	2
M	42	-	2
M	62	-	2
M	57	-	2
M	55	1	2
F	33	5	2
F	30	-	2
F	22	-	2
M	27	-	2
M	38	6	2
M	44	-	2
M	35	-	2
F	19	-	2
M	62	-	2
M	50	-	2
M	30	-	2
F	29	-	2
F	29	-	2
F	31	1	2
F	36	-	2
M	36	1	2
M	36	-	2
M	36	-	2
M	60	-	2
M	28	-	2
M	51	-	2
F	37	1	2
M	19	-	2
M	48	-	2
M	43	-	2
M	28	-	2
M	48	-	2
M	47	-	2
M	31	-	2
M	44	1	2
M	31	-	2
M	23	-	2
M	35	-	2
M	41	-	2
M	42	-	2
F	39	-	2
F	30	-	2
F	25	-	2
M	28	1	2
M	25	1	2
M	28	-	2
F	19	1	2
F	21	-	2
F	22	-	2
M	26	-	2
M	26	-	2
M	22	-	2
F	35	-	2
M	30	-	2
M	30	-	2
M	34	-	2
M	31	5	2
M	25	-	2
M	21	-	2
M	37	1	2
M	27	-	2
M	43	-	2
M	29	-	2
M	36	2	2
M	26	1	2
M	41	5	2
M	31	-	2
F	31	-	2
F	52	5	2
F	32	1	2
M	44	1	2
F	29	1	2
F	28	-	2
F	50	-	2
F	25	-	2
F	21	-	2
F	33	-	2
F	24	-	2
F	24	-	2
F	23	-	2
F	34	-	2
F	24	-	2
F	29	-	2
F	29	1	2
F	39	1	2
F	43	-	2
F	33	-	2
F	31	-	2
F	53	1	2
F	32	-	2
F	22	-	2
F	45	-	2
F	36	-	2
F	34	-	2
F	40	-	2
F	50	-	2
F	31	-	2
F	28	-	2
F	27	-	2
F	35	-	2
M	29	1	2
F	35	-	2
F	30	-	2
M	22	1	2
M	36	-	2
M	26	-	2
M	32	-	2
M	37	-	2
M	28	-	2
M	35	-	2
M	29	-	2
M	28	-	2
F	33	1	2
F	37	-	2
F	32	-	2
F	34	-	2
F	41	-	2
F	37	-	2
F	37	5	2
F	31	1	2
F	35	1	2
F	36	-	2
F	23	-	2
F	39	-	2
F	21	-	2
F	29	-	2
F	54	5	2
F	31	-	2
F	30	-	2
M	28	-	2
M	26	-	2
M	40	-	2
M	22	1	2
M	38	1	2
F	21	5	2
F	31	-	2
M	27	-	2
M	28	-	2
M	48	-	2
M	28	-	2
F	25	-	2
F	32	-	2
F	24	1	2
F	25	1	2
F	38	-	2
F	56	-	2
F	47	-	2
F	39	-	2
F	26	-	2
F	27	-	2
F	51	2	2
M	44	1	2
F	27	-	2
F	32	-	2
F	31	-	2
F	58	-	2
F	28	-	2
F	35	-	2
F	56	-	2
F	52	-	2
F	43	1	2
F	32	-	2
F	35	-	2
F	51	-	2
F	53	-	2
F	41	1	2
F	40	-	2
F	56	-	2
F	42	-	2
M	22	-	2
M	34	-	2
M	25	-	2
M	31	-	2
M	27	1	2
F	40	-	2
F	33	-	2
F	38	1	2
F	46	-	2
F	48	-	2
F	34	3	2
F	27	5	2
F	24	-	2
F	29	-	2
F	27	-	2
M	34	-	2
M	27	-	2
M	33	1	2
M	38	1	2
M	27	-	2
M	25	-	2
F	31	1	2
F	51	1	2
F	36	1	2
F	45	1	2
F	36	-	2
F	34	-	2
F	21	-	2
F	28	1	2
F	24	-	2
F	31	5	2
F	31	-	2
F	31	-	2
F	39	-	2
F	22	1	2
F	27	-	2
F	23	-	2
F	34	1	2
F	36	-	2
F	39	-	2
F	37	-	2
F	54	-	2
F	41	-	2
F	39	-	2
F	32	-	2
F	23	-	2
F	32	-	2
F	34	1	2
F	27	-	2
F	31	-	2
F	50	-	2
M	35	-	2
F	35	-	2
M	41	-	2
M	32	-	2
M	62	-	2
M	37	-	2
M	29	-	2
M	33	-	2
F	50	5	2
F	50	-	2
F	54	-	2
F	25	-	2
F	32	1	2
F	34	1	2
F	22	-	2
F	24	-	2
F	30	-	2
F	34	-	2
F	40	-	2
M	30	1	2
M	32	-	2
F	33	-	2
F	25	1	2
F	33	-	2
F	25	5	2
F	35	1	2
F	28	-	2
F	36	-	2
F	30	-	2
F	23	-	2
F	45	-	2
F	35	-	2
F	28	-	2
F	30	-	2
F	25	-	2
F	33	1	2
F	33	-	2
F	28	-	2
F	33	-	2
F	20	-	2
F	28	-	2
F	27	-	2
F	42	-	2
F	48	-	2
F	27	-	2
F	30	5	2
F	26	1	2
F	29	-	2
M	31	1	2
M	33	-	2
M	43	-	2
F	26	-	2
M	23	-	2
F	21	-	2
F	27	-	2
F	22	1	2
M	25	-	2
M	49	-	2
M	50	-	2
F	34	1	2
M	33	1	2
M	32	-	2
M	21	-	2
M	20	-	2
M	29	-	2
F	25	-	2
F	30	-	2
F	39	-	2
F	26	-	2
F	48	-	2
F	35	-	2
F	27	-	2
F	41	-	2
F	28	-	2
M	41	-	2
M	26	-	2
M	41	-	2
M	32	-	2
M	26	-	2
M	32	-	2
M	24	-	2
M	39	-	2
M	20	-	2
M	25	-	2
F	34	-	2
M	27	-	2
M	25	-	2
M	27	-	2
M	30	-	2
M	50	-	2
M	54	-	2
M	33	-	2
M	24	-	2
M	37	-	2
M	24	1	2
F	63	-	2
F	23	-	2
F	42	-	2
F	42	-	2
F	56	5	2
F	28	-	2
F	25	-	2
F	32	-	2
F	30	-	2
F	26	-	2
F	37	-	2
F	32	-	2
F	40	-	2
F	47	-	2
F	31	2	2
F	47	-	2
F	29	-	2
F	28	1	2
F	40	-	2
F	25	-	2
M	25	1	2
F	27	-	2
M	31	1	2
M	49	-	2
F	54	5	2
M	27	-	2
M	23	-	2
M	27	-	2
M	37	-	2
M	32	-	2
F	29	-	2
M	21	1	2
F	21	-	2
M	24	-	2
M	30	-	2
F	26	-	2
F	31	-	2
F	24	-	2
F	20	-	2
F	30	-	2
F	29	-	2
F	26	-	2
F	31	-	2
F	24	1	2
M	46	-	2
M	30	-	2
M	28	-	2
M	38	1	2
M	43	-	2
M	57	-	2
M	45	-	2
M	28	-	2
F	32	-	2
F	22	-	2
M	45	-	2
F	19	1	2
F	33	-	3
F	21	-	3
F	25	-	3
F	21	1	3
M	39	1	3
M	30	2	3
M	18	-	3
M	23	-	3
M	26	5	3
M	23	-	3
M	19	-	3
M	23	-	3
F	20	-	3
F	21	-	3
M	30	-	3
F	20	-	3
F	20	-	3
F	30	-	3
M	20	1	3
M	30	1	3
M	29	-	3
M	29	1	3
F	20	2	3
F	31	3	3
M	24	1	3
F	23	-	3
F	35	1	3
M	26	-	3
F	26	-	3
F	28	-	3
F	24	-	3
F	26	-	3
F	30	1	3
M	20	1	3
F	28	-	3
F	29	-	3
M	21	-	3
F	45	-	3
F	44	-	3
M	33	-	3
M	30	-	3
M	36	-	3
F	26	-	3
F	21	5	3
M	43	-	3
M	38	-	3
M	38	-	3
M	33	-	3
M	22	-	3
M	33	-	3
M	37	-	3
M	19	-	3
F	21	-	3
M	37	-	3
M	32	-	3
M	29	-	3
F	26	-	3
F	33	-	3
F	28	-	3
M	34	-	3
M	46	1	3
M	41	5	3
M	45	-	3
M	34	-	3
M	27	-	3
M	36	-	3
M	26	-	3
M	28	1	3
M	53	-	3
M	21	2	3
M	26	5	3
F	33	1	3
M	33	-	3
M	32	-	3
M	34	-	3
F	28	-	3
F	23	-	3
M	33	-	3
M	20	2	3
F	51	5	3
F	29	-	3
M	22	-	3
F	47	-	3
F	23	-	3
F	21	-	3
M	49	-	3
F	21	-	3
F	25	-	3
F	22	-	3
F	32	-	3
F	49	-	3
F	20	1	3
F	33	1	3
F	55	-	3
F	18	-	3
F	29	-	3
M	49	1	3
M	45	-	3
M	18	-	3
M	38	-	3
M	36	-	3
M	23	-	3
F	65	-	3
F	39	-	3
F	51	-	3
M	21	1	3
F	25	1	3
F	27	-	3
F	38	-	3
M	35	-	3
M	26	-	3
M	20	-	3
F	49	-	3
M	36	-	3
M	36	-	3
F	26	1	3
M	41	-	3
F	19	-	3
M	28	-	3
F	50	-	3
M	27	-	3
M	37	-	3
M	47	-	3
M	29	-	3
M	43	-	3
M	24	2	3
M	50	5	3
M	35	1	3
M	60	-	3
M	18	-	3
M	23	-	3
M	39	-	3
M	37	-	3
M	47	-	3
M	22	-	3
M	33	-	3
M	54	-	3
M	53	-	3
F	27	-	3
F	33	-	3
M	23	-	3
M	27	-	3
M	48	-	3
M	26	-	3
M	33	5	3
M	28	1	3
M	36	3	3
M	30	-	3
M	33	-	3
M	39	-	3
M	35	-	3
F	33	1	3
F	31	-	3
F	44	5	3
F	22	-	3
M	39	6	3
F	19	-	3
F	19	-	3
F	23	-	3
F	48	-	3
F	32	-	3
F	28	-	3
F	33	-	3
F	24	-	3
F	19	-	3
F	22	-	3
F	24	-	3
F	29	-	3
M	28	-	3
M	55	-	3
M	31	-	3
M	43	-	3
M	35	-	3
M	44	1	3
M	25	-	3
M	59	-	3
M	23	-	3
M	38	-	3
M	34	-	3
F	28	-	3
F	54	-	3
F	19	5	3
F	41	1	3
F	20	-	3
F	32	-	3
F	26	-	3
F	54	1	3
F	54	-	3
F	49	-	3
M	24	-	3
M	26	-	3
M	33	-	3
M	40	-	3
M	26	-	3
M	24	-	3
M	37	-	3
M	27	-	3
M	23	1	3
M	40	-	3
M	31	-	3
M	40	5	3
M	28	-	3
M	47	-	3
M	33	1	3
M	29	1	3
M	43	-	3
M	29	-	3
F	32	-	3
F	64	-	3
F	47	-	3
F	23	-	3
F	34	-	3
F	42	-	3
M	55	-	3
F	30	-	3
M	43	-	3
M	63	-	3
M	40	-	3
M	68	-	3
F	25	-	3
F	42	-	3
M	28	-	3
F	27	-	3
M	28	1	3
M	48	5	3
M	40	-	3
F	29	-	3
F	41	-	3
M	30	1	3
F	52	1	3
M	43	-	3
F	27	5	3
F	24	1	3
M	27	-	3
M	33	-	3
M	30	-	3
M	30	-	3
M	23	-	3
F	25	-	3
M	29	-	3
M	51	-	3
M	29	2	3
M	34	-	3
M	42	-	3
M	37	-	3
M	39	-	3
F	59	-	3
F	44	5	3
F	50	-	3
F	47	-	3
F	51	-	3
F	55	-	3
F	33	-	3
F	58	-	3
M	49	5	3
M	46	-	3
M	45	1	3
M	28	4	3
F	22	-	3
M	31	-	3
M	37	2	3
M	36	-	3
M	29	2	3
M	28	-	3
M	23	-	3
M	31	-	3
M	30	2	3
M	38	-	3
M	23	1	3
M	39	1	3
M	20	-	3
M	26	-	3
M	26	-	3
M	28	-	3
M	40	1	3
M	31	-	3
F	22	-	3
F	30	-	3
F	37	1	3
F	29	-	3
F	19	-	3
M	30	-	3
F	25	-	3
F	30	-	3
F	27	-	3
F	50	-	3
F	43	-	3
F	38	-	3
F	28	-	3
F	55	-	3
F	36	1	3
F	29	3	3
F	37	-	3
F	32	-	3
F	33	-	3
F	56	-	3
F	30	-	3
F	45	-	3
F	21	-	3
M	30	-	3
M	31	-	3
M	31	3	3
F	48	1	3
F	47	-	3
F	44	-	3
M	33	-	3
M	34	-	3
M	50	1	3
M	37	-	3
M	23	-	3
M	45	1	3
M	42	-	3
F	42	1	3
F	33	-	3
F	32	1	3
F	43	-	3
F	26	-	3
F	30	-	3
F	37	-	3
F	23	-	3
F	35	2	3
F	23	-	3
F	36	2	3
F	44	-	3
F	51	-	3
F	42	-	3
F	29	-	3
F	49	-	3
F	40	2	3
F	27	1	3
F	59	-	3
F	25	-	3
F	33	-	3
M	45	-	3
F	24	2	3
M	23	1	3
M	34	-	3
M	23	-	3
F	24	1	3
F	32	-	3
F	25	5	3
M	28	1	3
F	33	-	3
F	45	-	3
F	36	2	3
F	27	-	3
F	44	-	3
F	38	-	3
F	30	-	3
F	32	-	3
F	30	-	3
M	45	-	3
F	26	-	3
F	39	-	3
F	48	-	3
F	44	-	3
F	23	-	3
F	39	1	3
F	28	3	3
F	21	-	3
F	40	-	3
F	39	-	3
F	41	-	3
F	18	-	3
F	43	-	3
F	51	3	3
F	37	-	3
F	46	-	3
F	56	-	3
F	45	3	3
F	37	1	3
F	26	-	3
F	46	-	3
F	56	3	3
M	26	1	3
M	27	1	3
M	21	-	3
M	24	-	3
F	23	-	3
M	24	-	3
F	36	-	3
F	33	-	3
F	39	-	3
F	32	1	3
F	44	-	3
F	22	-	3
F	31	-	3
F	25	-	3
F	28	1	3
F	37	-	3
F	37	-	3
F	26	-	3
F	30	2	3
F	35	-	3
F	24	1	3
F	29	-	3
M	27	-	3
M	19	-	3
M	35	-	3
M	38	-	3
M	50	4	3
M	38	-	3
M	45	5	3
M	37	1	3
F	36	5	3
F	36	-	3
F	34	-	3
F	28	2	3
F	51	5	3
F	40	-	3
F	52	-	3
F	48	1	3
F	48	-	3
F	34	1	3
F	33	3	3
F	27	1	3
F	28	-	3
F	31	-	3
F	39	-	3
F	42	-	3
F	28	-	3
F	27	-	3
F	34	-	3
F	28	-	3
F	37	-	3
F	45	-	3
F	28	-	3
M	23	-	3
M	48	-	3
M	28	-	3
M	35	-	3
M	41	-	3
F	30	-	3
F	29	-	3
F	31	1	3
F	49	2	3
F	55	-	3
M	31	-	3
F	30	-	3
F	33	-	3
F	39	-	3
F	43	-	3
F	34	-	3
M	46	-	3
M	28	2	3
F	29	-	3
F	26	-	3
F	28	-	3
F	53	-	3
F	34	-	3
F	34	-	3
F	45	-	3
F	54	-	3
F	38	-	3
F	26	-	3
F	46	-	3
F	55	-	3
F	31	-	3
F	64	-	3
F	25	-	3
F	51	-	3
F	23	-	3
F	24	-	3
M	30	-	3
M	30	-	3
M	41	6	3
M	47	-	3
F	28	-	3
F	56	-	3
F	34	5	3
F	35	-	3
M	39	5	3
F	51	-	3
M	27	-	3
M	44	-	3
M	33	-	3
M	30	1	3
M	27	-	3
F	35	-	3
M	20	-	3
M	33	-	3
M	31	-	3
M	33	1	3
M	25	-	3
M	34	-	3
M	20	-	3
M	41	-	3
F	31	-	3
F	35	5	3
M	25	1	3
M	25	-	3
F	42	-	3
F	40	-	3
F	41	-	3
F	32	-	3
F	39	5	3
F	29	-	3
F	32	-	3
F	40	-	3
F	29	-	3
F	37	5	3
F	26	-	3
M	30	-	3
M	35	-	3
M	44	-	3
M	31	-	3
M	38	-	3
M	42	-	3
M	36	-	3
M	42	-	3
M	27	1	3
M	44	-	3
M	34	-	3
M	36	-	3
M	23	-	3
M	37	-	3
M	40	-	3
M	32	1	3
M	34	-	3
M	46	-	3
M	39	2	3
M	26	-	3
M	25	1	3
M	40	-	3
M	25	-	3
M	39	-	3
F	52	3	3
F	56	-	3
F	57	-	3
F	28	-	3
F	23	-	3
F	38	-	3
F	34	2	3
F	49	-	3
F	37	-	3
F	51	-	3
F	34	2	3
F	29	-	3
F	38	-	3
F	53	-	3
F	32	-	3
F	27	-	3
F	38	-	3
F	41	-	3
F	37	-	3
F	24	2	3
M	26	-	3
M	21	-	3
M	36	-	3
M	29	-	3
F	35	-	3
M	42	-	3
M	32	1	3
F	40	-	3
F	23	-	3
M	22	1	3
F	59	5	3
M	19	-	3
M	22	1	3
F	34	-	3
F	28	-	3
F	31	-	3
F	31	-	3
F	32	-	3
F	26	3	3
F	27	-	3
F	25	-	3
M	46	-	3
M	49	-	3
M	38	-	3
M	29	2	3
M	38	-	3
M	28	-	3
M	29	-	3
M	56	-	3
F	22	-	3
M	22	-	3
F	48	6	3
F	29	-	3
M	30	5	3
M	34	-	3
M	24	-	3
M	37	-	3
M	49	-	3
M	48	-	3
M	32	-	3
M	25	-	3
M	29	-	3
F	30	-	3
F	29	-	3
F	43	-	3
F	30	2	3
F	22	-	3
F	42	-	3
F	44	-	3
F	43	-	3
F	37	-	3
F	33	-	3
F	31	-	3
F	33	-	3
F	22	2	4
M	19	1	4
M	20	-	4
M	27	-	4
M	23	-	4
M	23	-	4
M	18	-	4
M	34	-	4
F	34	-	4
F	22	-	4
F	50	2	4
F	22	-	4
F	40	-	4
M	23	1	4
F	20	-	4
F	25	-	4
F	18	-	4
M	28	-	4
F	32	-	4
M	22	4	4
F	23	-	4
M	52	-	4
F	23	-	4
M	29	-	4
F	27	-	4
M	30	-	4
F	22	-	4
F	18	1	4
F	31	-	4
F	23	-	4
F	23	-	4
F	30	3	4
F	18	1	4
F	30	-	4
M	19	1	4
F	25	-	4
M	22	-	4
M	32	-	4
M	36	-	4
M	33	-	4
M	27	-	4
M	24	-	4
M	36	-	4
F	28	-	4
M	32	-	4
F	21	-	4
F	22	-	4
M	32	-	4
M	24	-	4
M	22	5	4
M	22	-	4
F	35	-	4
M	25	-	4
M	23	-	4
F	20	-	4
M	31	-	4
M	24	-	4
M	24	-	4
M	28	-	4
M	30	-	4
M	29	-	4
F	36	3	4
M	22	-	4
F	35	-	4
F	23	1	4
F	53	-	4
M	30	-	4
M	30	-	4
M	38	1	4
M	38	-	4
M	30	5	4
F	25	-	4
F	53	-	4
M	42	-	4
F	29	-	4
M	27	-	4
M	18	-	4
F	43	-	4
M	40	-	4
F	23	2	4
F	27	-	4
F	34	-	4
M	29	-	4
M	28	-	4
F	36	-	4
F	26	-	4
F	32	-	4
F	28	-	4
M	32	5	4
M	40	-	4
M	26	-	4
M	30	-	4
M	32	-	4
M	29	-	4
F	22	-	4
M	25	1	4
F	20	1	4
M	53	-	4
M	21	1	4
M	26	-	4
F	58	-	4
F	29	-	4
M	28	-	4
F	24	-	4
M	51	-	4
M	19	-	4
M	41	1	4
M	40	-	4
M	22	3	4
M	44	-	4
M	21	5	4
F	45	1	4
M	57	-	4
M	26	-	4
M	53	-	4
M	38	-	4
M	27	-	4
M	28	-	4
M	25	-	4
M	25	-	4
M	33	3	4
M	51	-	4
M	46	-	4
M	24	-	4
M	62	-	4
M	45	-	4
M	62	-	4
M	53	-	4
M	34	-	4
M	32	-	4
F	26	-	4
M	27	-	4
M	31	-	4
M	29	-	4
M	28	-	4
M	24	-	4
M	62	-	4
M	33	-	4
M	23	-	4
M	31	-	4
F	24	-	4
M	61	-	4
F	40	-	4
F	22	-	4
F	26	-	4
F	26	-	4
F	19	-	4
F	19	-	4
F	25	-	4
M	53	-	4
M	31	-	4
M	41	5	4
M	57	-	4
M	32	-	4
M	43	-	4
M	23	-	4
M	20	-	4
M	47	-	4
M	38	-	4
M	26	1	4
M	25	-	4
M	38	-	4
F	29	-	4
F	24	-	4
M	24	-	4
F	19	-	4
F	23	-	4
F	24	-	4
F	23	-	4
F	30	-	4
F	35	-	4
M	28	-	4
F	28	-	4
F	22	-	4
F	22	-	4
F	24	-	4
F	24	1	4
F	26	-	4
F	25	-	4
F	24	-	4
F	34	-	4
F	19	-	4
M	48	-	4
M	31	-	4
M	36	3	4
M	39	5	4
M	57	-	4
M	44	-	4
M	47	5	4
M	44	-	4
F	24	-	4
M	34	-	4
M	43	-	4
F	33	1	4
M	31	1	4
M	48	-	4
M	43	-	4
F	41	-	4
F	47	-	4
F	39	-	4
F	25	-	4
F	57	-	4
F	56	-	4
M	33	3	4
M	30	-	4
M	34	-	4
F	22	-	4
F	39	-	4
F	36	-	4
M	34	-	4
M	34	-	4
M	53	-	4
M	23	-	4
M	33	-	4
M	26	-	4
M	44	-	4
M	44	-	4
M	37	-	4
M	34	-	4
M	26	-	4
M	49	-	4
M	52	-	4
M	33	1	4
M	44	-	4
M	33	-	4
M	30	-	4
M	57	5	4
F	32	-	4
F	36	-	4
F	42	-	4
F	29	-	4
M	39	-	4
M	26	-	4
M	40	-	4
F	41	3	4
M	24	-	4
M	30	-	4
F	49	-	4
F	26	-	4
M	46	-	4
M	39	-	4
M	27	-	4
M	28	-	4
M	25	4	4
M	31	-	4
M	30	-	4
M	47	-	4
M	49	5	4
M	38	-	4
M	38	-	4
M	38	-	4
M	21	-	4
M	23	-	4
M	34	-	4
M	41	-	4
M	30	-	4
F	26	-	4
F	26	-	4
F	20	-	4
M	25	-	4
M	33	-	4
F	20	-	4
F	37	-	4
F	22	-	4
F	25	-	4
F	36	-	4
F	22	-	4
F	27	-	4
F	26	-	4
F	44	-	4
F	30	-	4
F	38	-	4
F	49	-	4
F	47	-	4
F	24	-	4
F	26	-	4
F	27	-	4
F	50	-	4
F	51	-	4
F	34	-	4
F	40	1	4
F	26	-	4
F	31	-	4
F	48	-	4
F	38	-	4
F	46	2	4
F	26	5	4
F	31	-	4
F	34	-	4
F	38	-	4
F	51	-	4
M	22	-	4
M	19	-	4
F	38	-	4
F	43	-	4
M	33	-	4
M	25	-	4
M	33	2	4
M	31	-	4
M	36	-	4
M	24	1	4
M	45	-	4
M	19	-	4
M	47	-	4
M	44	-	4
M	26	-	4
M	49	5	4
M	33	-	4
M	48	-	4
M	34	-	4
M	24	-	4
M	36	-	4
F	41	-	4
F	34	-	4
F	23	3	4
M	30	-	4
F	29	-	4
F	46	-	4
F	43	-	4
F	27	-	4
F	53	-	4
F	44	-	4
F	27	3	4
F	32	-	4
F	27	-	4
F	49	-	4
F	21	1	4
F	53	-	4
M	30	-	4
M	43	-	4
F	28	-	4
F	25	-	4
M	24	-	4
M	29	-	4
M	42	-	4
M	26	-	4
F	26	-	4
F	24	-	4
F	46	-	4
F	41	4	4
F	33	-	4
F	60	-	4
F	44	-	4
F	26	5	4
F	24	-	4
F	54	-	4
F	22	-	4
F	29	-	4
M	29	-	4
F	34	-	4
F	52	-	4
F	59	-	4
F	25	-	4
F	55	-	4
F	30	-	4
F	57	-	4
F	52	-	4
M	24	5	4
M	28	-	4
M	28	-	4
M	35	-	4
M	21	-	4
F	26	-	4
F	34	-	4
F	49	-	4
F	35	-	4
F	48	-	4
F	35	-	4
F	34	-	4
F	26	-	4
F	34	-	4
F	32	-	4
F	27	-	4
F	28	-	4
F	29	-	4
F	21	-	4
F	26	-	4
F	33	-	4
M	27	-	4
M	48	-	4
M	49	-	4
F	30	-	4
F	29	-	4
M	38	-	4
F	28	-	4
F	31	-	4
F	35	-	4
M	39	-	4
F	31	-	4
F	25	-	4
F	43	-	4
F	26	-	4
F	39	-	4
F	24	3	4
F	53	-	4
F	40	-	4
F	31	-	4
F	33	-	4
F	28	-	4
F	31	-	4
F	39	-	4
F	45	-	4
F	33	-	4
F	27	2	4
F	28	-	4
F	28	-	4
F	45	-	4
F	35	-	4
F	27	3	4
F	50	-	4
F	28	-	4
F	44	-	4
F	23	-	4
F	28	-	4
F	33	5	4
F	31	5	4
F	35	-	4
M	36	5	4
M	31	-	4
M	31	-	4
M	58	-	4
F	58	-	4
F	57	-	4
F	29	-	4
F	36	-	4
F	45	-	4
F	40	-	4
F	20	-	4
M	32	-	4
M	46	-	4
M	40	-	4
M	23	-	4
M	27	-	4
M	61	-	4
M	47	-	4
M	39	-	4
M	32	-	4
M	26	5	4
M	44	-	4
F	29	-	4
F	28	-	4
F	53	-	4
F	35	-	4
F	53	-	4
F	54	-	4
F	29	-	4
F	22	-	4
F	42	-	4
F	47	-	4
F	28	-	4
F	37	-	4
F	67	-	4
F	27	3	4
F	26	1	4
F	34	-	4
F	53	-	4
F	32	-	4
F	36	-	4
F	35	-	4
F	26	-	4
F	26	-	4
F	26	-	4
F	22	-	4
F	24	-	4
M	29	-	4
M	29	-	4
M	48	-	4
M	23	1	4
M	30	-	4
M	30	-	4
F	58	-	4
M	25	-	4
M	36	-	4
M	27	-	4
M	31	-	4
M	33	5	4
F	28	-	4
F	22	-	4
M	49	-	4
F	42	-	4
F	29	-	4
F	42	-	4
F	33	-	4
F	33	-	4
F	32	-	4
F	41	-	4
F	28	-	4
F	31	-	4
F	52	-	4
F	30	-	4
F	36	-	4
F	31	-	4
F	33	5	4
M	25	-	4
M	28	-	4
M	23	-	4
M	25	-	4
M	42	-	4
M	35	-	4
M	26	-	4
M	35	-	4
M	30	-	4
M	48	-	4
M	35	-	4
M	33	-	4
M	33	-	4
M	25	-	4
F	28	-	4
F	21	-	4
F	31	-	4
F	25	-	4
F	34	-	4
M	25	-	4
F	44	-	4
F	35	-	4
F	30	-	4
F	47	-	4
F	26	-	4
F	21	-	4
F	50	-	4
F	35	-	4
F	52	-	4
F	41	-	4
F	56	-	4
M	25	-	4
M	40	3	4
M	23	-	4
F	20	-	4
F	21	-	4
M	24	1	4
M	25	-	4
M	35	-	4
M	32	-	4
M	29	-	4
F	26	-	4
M	30	-	4
F	22	-	4
F	26	-	4
F	26	-	4
F	32	-	4
F	29	-	4
F	27	-	4
F	31	1	4
F	34	-	4
F	29	-	4
F	39	-	4
F	29	4	4
F	23	-	4
F	27	-	4
F	33	-	4
M	40	-	4
M	25	-	4
M	49	-	4
M	38	-	4
M	54	-	4
M	22	4	4
M	27	-	4
M	42	1	4
F	22	-	4
M	48	-	4
F	33	-	4
F	31	-	4
M	19	1	4
F	23	-	4
F	25	-	4
F	24	3	4
F	26	1	4
M	29	-	4
F	36	4	4
F	29	-	4
F	49	-	4
F	53	-	4
F	25	-	4
F	40	-	4
F	40	-	4
F	33	-	4
F	62	-	4
F	35	-	4
F	25	-	4
F	48	-	4
F	22	-	4
F	38	-	4
F	20	-	4
F	23	-	4
F	36	-	4
F	34	-	4
M	30	5	4
M	24	-	4
M	26	-	4
M	46	5	4
M	25	-	4
M	68	-	4
M	30	-	4
M	25	-	4
M	33	-	4
M	18	1	4
M	28	-	4
M	23	-	4
M	49	-	4
M	29	-	4
F	21	-	5
M	26	-	5
M	24	5	5
F	36	-	5
F	26	-	5
F	23	-	5
F	27	-	5
F	49	6	5
M	36	-	5
M	30	-	5
M	39	-	5
F	28	-	5
F	33	-	5
F	24	-	5
F	26	-	5
M	29	-	5
F	31	-	5
F	22	-	5
F	28	5	5
F	28	6	5
F	26	-	5
F	40	5	5
M	22	-	5
F	20	-	5
M	18	-	5
M	27	-	5
M	33	-	5
F	29	-	5
F	20	-	5
F	20	-	5
F	21	-	5
M	35	-	5
F	20	-	5
M	41	-	5
M	25	-	5
M	25	-	5
M	53	5	5
M	24	-	5
F	23	-	5
M	20	-	5
F	25	5	5
M	38	-	5
M	30	-	5
M	25	-	5
M	37	-	5
M	18	-	5
F	25	-	5
F	23	-	5
M	34	5	5
M	34	-	5
F	26	-	5
M	20	5	5
M	31	-	5
M	41	5	5
M	23	-	5
F	26	-	5
F	35	-	5
F	45	-	5
M	32	-	5
M	38	-	5
F	31	-	5
F	43	-	5
M	31	-	5
M	41	-	5
M	49	-	5
M	64	-	5
F	28	-	5
M	27	-	5
M	23	-	5
M	34	-	5
M	60	-	5
M	27	-	5
M	28	-	5
M	20	-	5
M	37	-	5
M	40	-	5
M	27	-	5
F	29	-	5
F	49	-	5
F	30	-	5
F	28	-	5
F	37	-	5
F	59	-	5
F	43	-	5
F	38	-	5
M	37	-	5
M	26	-	5
M	27	5	5
F	38	-	5
M	23	-	5
F	27	-	5
M	24	-	5
F	30	-	5
F	35	-	5
F	31	5	5
M	23	-	5
M	35	-	5
F	32	-	5
M	25	-	5
F	49	-	5
F	33	-	5
F	31	-	5
M	33	-	5
M	53	-	5
F	33	-	5
M	36	-	5
M	46	-	5
M	30	-	5
M	25	-	5
F	24	-	5
F	36	-	5
M	55	-	5
M	39	5	5
M	27	-	5
M	33	-	5
F	44	-	5
F	58	-	5
M	23	-	5
M	26	-	5
M	18	-	5
M	26	5	5
F	25	-	5
M	29	-	5
M	35	-	5
M	28	-	5
M	26	-	5
M	30	-	5
M	32	-	5
M	41	-	5
M	36	5	5
M	23	-	5
M	31	-	5
M	49	-	5
M	33	5	5
M	26	-	5
M	52	-	5
M	34	-	5
M	27	-	5
M	34	-	5
M	49	-	5
M	25	-	5
M	25	-	5
M	36	-	5
M	22	5	5
M	28	-	5
M	25	-	5
M	36	-	5
M	19	-	5
M	34	-	5
M	34	-	5
M	37	-	5
F	30	-	5
F	27	-	5
F	30	-	5
F	36	-	5
F	30	-	5
F	19	-	5
F	33	-	5
F	28	-	5
F	28	-	5
M	30	-	5
F	30	-	5
F	22	-	5
F	31	5	5
F	52	-	5
F	27	5	5
M	29	-	5
M	64	5	5
M	50	-	5
M	42	-	5
M	38	-	5
M	41	-	5
M	37	-	5
M	33	-	5
M	23	-	5
M	24	-	5
M	36	-	5
M	41	-	5
M	29	-	5
M	34	-	5
F	29	-	5
F	20	-	5
F	45	-	5
F	21	5	5
M	28	-	5
F	50	-	5
F	23	-	5
M	25	-	5
M	42	1	5
M	26	-	5
M	48	-	5
M	47	-	5
M	26	-	5
M	25	5	5
M	26	-	5
M	24	-	5
M	30	-	5
F	21	-	5
F	31	-	5
M	43	-	5
M	56	-	5
M	41	-	5
M	57	-	5
M	40	-	5
M	52	-	5
M	62	-	5
F	19	-	5
M	40	-	5
M	45	-	5
F	35	5	5
F	47	-	5
F	34	5	5
M	43	5	5
M	37	-	5
F	23	-	5
F	40	-	5
F	24	5	5
F	32	-	5
F	28	5	5
M	36	-	5
M	34	-	5
M	32	-	5
M	37	-	5
M	51	-	5
M	53	5	5
M	50	-	5
M	46	-	5
M	51	-	5
M	56	-	5
M	34	-	5
M	29	-	5
M	38	-	5
M	23	-	5
M	39	-	5
M	32	-	5
M	37	-	5
M	44	-	5
F	51	-	5
F	41	-	5
F	23	-	5
F	34	-	5
F	62	-	5
M	41	-	5
M	35	-	5
M	24	5	5
F	34	-	5
F	24	-	5
F	21	-	5
M	52	-	5
F	21	-	5
M	31	-	5
M	32	-	5
M	29	-	5
M	28	-	5
F	25	-	5
F	28	-	5
M	24	-	5
M	28	-	5
M	40	6	5
M	33	-	5
M	30	-	5
M	22	-	5
M	21	-	5
M	29	-	5
M	28	-	5
M	27	-	5
M	22	-	5
M	30	-	5
M	30	-	5
M	30	-	5
M	29	-	5
M	43	5	5
F	22	-	5
F	30	-	5
F	26	-	5
F	23	-	5
F	40	-	5
F	31	-	5
M	40	-	5
F	29	-	5
F	26	-	5
F	26	-	5
F	53	-	5
F	18	-	5
F	27	-	5
F	30	-	5
F	30	-	5
F	36	-	5
F	31	-	5
F	29	-	5
F	28	-	5
F	32	5	5
F	34	-	5
F	35	-	5
F	37	-	5
F	28	-	5
F	40	-	5
F	29	-	5
F	47	-	5
F	33	-	5
F	29	-	5
M	22	-	5
M	33	-	5
F	23	-	5
F	53	-	5
M	49	-	5
M	45	-	5
M	34	-	5
M	39	-	5
M	42	-	5
M	46	-	5
M	40	-	5
M	46	-	5
M	18	-	5
M	40	5	5
F	43	-	5
F	45	5	5
F	34	-	5
F	42	-	5
F	22	-	5
F	40	5	5
F	50	-	5
F	46	5	5
F	36	-	5
F	54	-	5
F	26	-	5
F	42	-	5
F	20	-	5
F	33	-	5
F	28	-	5
F	28	-	5
F	26	-	5
F	37	-	5
F	29	-	5
F	25	-	5
F	48	-	5
M	39	-	5
M	44	-	5
F	27	-	5
F	24	-	5
F	25	-	5
F	25	-	5
F	37	-	5
M	27	-	5
M	25	-	5
F	19	-	5
F	44	-	5
F	39	-	5
F	48	5	5
F	50	-	5
M	52	-	5
F	37	-	5
M	22	-	5
F	66	-	5
F	45	-	5
F	33	-	5
M	28	-	5
F	49	-	5
F	33	-	5
F	55	-	5
F	23	-	5
F	43	-	5
F	23	-	5
F	31	-	5
F	37	-	5
F	58	-	5
F	38	-	5
F	39	5	5
F	43	-	5
F	25	-	5
F	41	-	5
F	30	-	5
F	28	-	5
F	39	-	5
F	50	-	5
M	32	-	5
M	43	-	5
F	46	-	5
F	29	-	5
F	22	-	5
F	47	-	5
F	22	-	5
F	23	-	5
F	32	-	5
F	33	-	5
F	48	-	5
F	29	6	5
F	22	-	5
F	34	-	5
F	27	-	5
F	26	5	5
F	27	-	5
F	25	-	5
M	30	-	5
M	29	-	5
M	35	-	5
M	55	-	5
M	25	-	5
F	21	-	5
F	49	-	5
F	34	-	5
F	29	-	5
F	24	-	5
F	26	-	5
F	28	-	5
F	30	-	5
F	31	-	5
F	40	-	5
F	26	-	5
F	38	-	5
F	21	-	5
F	26	-	5
F	31	-	5
F	44	-	5
F	39	-	5
F	40	-	5
F	36	-	5
F	24	-	5
F	35	-	5
F	38	-	5
F	48	-	5
F	25	-	5
F	41	-	5
F	32	-	5
F	35	-	5
F	21	-	5
F	34	-	5
F	23	-	5
F	43	5	5
F	36	-	5
F	48	-	5
F	38	-	5
F	26	5	5
F	50	-	5
M	47	-	5
M	36	-	5
M	25	-	5
M	30	-	5
F	46	-	5
M	40	-	5
F	34	-	5
F	35	-	5
F	41	-	5
F	35	-	5
F	34	-	5
M	32	-	5
M	20	-	5
M	25	-	5
M	27	-	5
M	43	-	5
F	27	-	5
F	28	-	5
F	32	6	5
F	30	-	5
F	21	-	5
F	28	-	5
F	36	-	5
F	37	5	5
F	43	-	5
F	26	-	5
F	47	-	5
F	24	-	5
F	20	-	5
F	28	-	5
F	38	-	5
F	35	-	5
F	31	-	5
F	40	-	5
F	37	-	5
M	23	-	5
F	22	-	5
M	29	-	5
M	28	5	5
M	29	-	5
M	37	5	5
M	32	-	5
M	46	5	5
M	27	-	5
M	47	-	5
F	62	-	5
F	30	-	5
M	25	-	5
F	48	-	5
M	25	-	5
M	27	-	5
M	22	-	5
M	35	5	5
M	31	-	5
F	26	-	5
F	39	-	5
F	36	-	5
F	31	-	5
F	29	5	5
F	27	-	5
F	34	-	5
F	28	5	5
F	28	-	5
F	33	-	5
F	43	-	5
F	55	-	5
F	43	-	5
F	41	-	5
F	49	-	5
M	26	-	5
M	26	-	5
M	33	-	5
M	22	-	5
M	38	-	5
M	52	-	5
M	40	-	5
M	23	-	5
M	50	-	5
M	29	-	5
M	33	-	5
M	30	-	5
M	31	-	5
M	41	-	5
M	54	-	5
M	41	-	5
M	28	-	5
M	23	-	5
F	23	-	5
F	33	-	5
F	41	-	5
F	31	-	5
F	39	-	5
F	57	-	5
F	39	-	5
F	33	5	5
F	24	-	5
F	51	-	5
F	55	-	5
F	33	-	5
F	54	-	5
F	29	-	5
F	59	-	5
F	41	-	5
F	35	-	5
F	30	5	5
F	30	-	5
F	58	-	5
F	40	-	5
F	26	-	5
F	49	-	5
F	45	-	5
F	27	-	5
M	26	-	5
F	35	5	5
F	53	-	5
M	23	6	5
M	32	-	5
M	42	-	5
F	36	-	5
F	34	-	5
F	37	-	5
F	40	-	5
F	40	-	5
F	22	-	5
F	25	-	5
F	33	-	5
F	26	-	5
F	30	-	5
F	31	-	5
F	27	-	5
F	30	-	5
M	38	-	5
M	26	-	5
M	47	-	5
M	29	-	5
M	40	-	5
M	37	-	5
M	37	-	5
M	33	-	5
F	25	-	5
M	36	-	5
F	49	-	5
F	20	-	5
F	27	-	5
M	21	-	5
F	26	-	5
F	30	-	5
F	44	-	5
F	24	-	5
F	31	-	5
F	43	-	5
F	34	-	5
F	45	-	5
F	50	5	5
F	31	-	5
F	37	-	5
F	50	-	5
F	38	-	5
F	33	-	5
M	41	-	5
M	41	-	5
M	24	-	5
M	24	-	5
M	23	-	5
M	42	-	5
M	47	-	5
F	32	-	6
F	26	-	6
F	18	-	6
F	23	-	6
M	21	-	6
M	26	-	6
M	27	-	6
M	23	5	6
M	25	-	6
F	24	-	6
M	55	-	6
F	24	-	6
F	35	-	6
F	32	-	6
F	21	-	6
F	39	-	6
F	25	-	6
M	27	-	6
F	37	5	6
M	37	-	6
F	32	-	6
F	18	-	6
F	18	-	6
F	35	-	6
F	19	-	6
F	25	-	6
F	30	-	6
M	24	5	6
F	31	-	6
F	22	-	6
M	34	-	6
M	23	5	6
M	20	-	6
F	22	-	6
F	30	5	6
F	41	-	6
F	28	-	6
F	30	5	6
F	24	-	6
F	48	5	6
M	27	-	6
M	35	-	6
M	18	5	6
F	23	-	6
F	27	5	6
M	26	1	6
M	28	-	6
F	34	-	6
M	25	-	6
M	25	-	6
M	29	5	6
M	24	-	6
M	30	-	6
M	46	-	6
M	31	-	6
M	21	-	6
M	32	-	6
F	50	-	6
F	25	-	6
F	28	-	6
F	27	-	6
M	36	-	6
F	33	-	6
M	43	-	6
M	34	-	6
M	30	-	6
M	20	5	6
M	22	5	6
F	21	-	6
M	33	-	6
M	25	5	6
F	30	-	6
F	35	-	6
M	30	-	6
M	20	-	6
M	41	5	6
M	27	-	6
M	24	-	6
F	54	-	6
M	33	-	6
M	30	5	6
F	33	-	6
M	25	-	6
F	40	5	6
F	38	-	6
M	32	5	6
M	23	-	6
F	37	-	6
F	37	-	6
F	19	-	6
F	33	-	6
F	40	-	6
F	49	5	6
M	37	-	6
M	37	-	6
M	28	-	6
F	22	-	6
F	35	-	6
F	28	5	6
F	35	-	6
F	29	-	6
M	18	-	6
M	25	-	6
F	25	5	6
M	25	-	6
F	27	5	6
F	30	-	6
F	36	-	6
F	22	-	6
M	26	-	6
F	27	-	6
M	26	-	6
M	54	-	6
M	42	-	6
M	39	5	6
M	21	-	6
M	24	-	6
M	30	-	6
M	29	-	6
M	29	-	6
F	27	-	6
F	34	-	6
M	32	-	6
F	54	-	6
M	24	-	6
M	19	-	6
F	21	-	6
F	20	-	6
M	41	5	6
M	22	-	6
M	24	-	6
M	20	-	6
M	27	-	6
M	41	-	6
M	32	-	6
M	22	-	6
M	27	-	6
M	38	-	6
M	34	-	6
M	31	-	6
M	63	-	6
M	47	-	6
M	23	-	6
M	31	-	6
F	26	-	6
M	33	-	6
M	39	-	6
M	29	-	6
M	36	-	6
M	30	-	6
F	33	-	6
F	28	-	6
F	37	-	6
F	28	-	6
F	29	-	6
F	37	-	6
F	27	-	6
F	30	5	6
F	29	-	6
F	26	-	6
F	33	-	6
F	26	-	6
F	26	5	6
M	54	-	6
M	41	-	6
M	43	-	6
M	46	-	6
M	40	-	6
M	43	-	6
M	23	-	6
M	28	-	6
M	37	-	6
M	29	-	6
M	29	-	6
M	35	-	6
M	35	-	6
M	37	5	6
M	39	-	6
M	33	-	6
F	36	5	6
F	40	-	6
F	32	-	6
F	33	-	6
F	23	-	6
F	22	-	6
F	30	-	6
F	44	-	6
F	29	-	6
F	31	-	6
F	20	-	6
F	29	-	6
M	28	-	6
M	27	-	6
F	27	-	6
M	31	-	6
M	28	-	6
M	27	-	6
M	29	-	6
F	31	-	6
F	30	-	6
M	36	-	6
F	36	-	6
M	40	-	6
F	50	-	6
F	49	5	6
F	24	-	6
F	61	-	6
M	41	-	6
M	42	-	6
M	27	-	6
F	45	-	6
F	41	-	6
F	25	5	6
M	40	-	6
M	47	-	6
M	55	-	6
M	45	-	6
F	27	-	6
F	27	-	6
F	23	-	6
F	19	-	6
F	38	5	6
F	44	-	6
F	33	-	6
F	25	5	6
F	40	-	6
F	18	-	6
F	29	5	6
M	28	-	6
M	19	-	6
M	19	-	6
F	26	5	6
M	28	-	6
M	24	-	6
M	50	-	6
M	43	-	6
M	26	5	6
M	49	-	6
M	48	-	6
M	20	-	6
M	50	-	6
M	52	-	6
M	29	-	6
M	43	-	6
M	29	-	6
M	32	-	6
F	34	6	6
F	45	-	6
F	43	-	6
F	30	-	6
F	51	5	6
F	37	-	6
M	44	-	6
M	29	-	6
M	18	-	6
M	23	-	6
M	30	-	6
F	21	-	6
M	33	-	6
M	23	-	6
M	26	-	6
M	24	-	6
M	26	-	6
M	21	-	6
F	26	-	6
M	26	-	6
M	39	-	6
F	28	-	6
M	33	-	6
M	41	-	6
M	42	-	6
M	35	-	6
M	38	-	6
M	28	-	6
M	29	-	6
M	25	-	6
M	32	-	6
M	33	-	6
F	23	-	6
M	57	-	6
M	21	-	6
M	24	-	6
M	25	5	6
M	32	-	6
M	49	-	6
M	39	-	6
M	52	-	6
M	34	-	6
M	50	5	6
F	31	5	6
F	34	-	6
M	31	-	6
F	25	-	6
F	21	5	6
F	31	-	6
F	31	-	6
F	24	-	6
F	40	-	6
F	32	-	6
F	28	5	6
F	48	-	6
F	36	5	6
F	48	-	6
F	31	-	6
F	39	-	6
F	35	-	6
F	45	-	6
F	33	-	6
F	23	-	6
F	27	-	6
F	41	-	6
F	32	-	6
F	34	-	6
F	31	5	6
F	53	-	6
F	30	-	6
F	42	-	6
F	35	-	6
F	35	-	6
F	26	-	6
F	45	-	6
F	39	-	6
F	34	-	6
M	26	-	6
M	33	-	6
F	25	-	6
F	38	5	6
F	59	-	6
F	34	-	6
M	39	-	6
M	41	-	6
M	49	-	6
M	26	-	6
M	27	-	6
F	36	-	6
M	47	-	6
M	41	-	6
M	45	-	6
M	43	-	6
M	26	-	6
M	33	-	6
M	29	-	6
M	44	-	6
F	19	5	6
F	35	-	6
F	39	-	6
F	45	-	6
F	29	-	6
F	33	-	6
F	41	-	6
F	37	-	6
F	27	-	6
F	50	5	6
F	39	-	6
F	30	-	6
F	30	-	6
F	25	-	6
F	47	-	6
F	26	-	6
F	35	-	6
F	36	-	6
F	29	-	6
M	24	-	6
F	20	-	6
F	22	5	6
F	39	5	6
F	23	-	6
F	38	-	6
F	56	-	6
M	54	-	6
M	24	5	6
F	20	-	6
F	25	-	6
F	19	-	6
F	35	-	6
F	27	-	6
F	31	-	6
M	55	-	6
F	21	-	6
F	58	-	6
F	56	-	6
F	49	-	6
F	26	-	6
F	29	-	6
F	30	-	6
F	52	-	6
F	21	-	6
F	45	-	6
F	48	-	6
F	53	-	6
F	31	5	6
F	33	-	6
F	44	-	6
F	23	-	6
F	34	-	6
F	50	-	6
F	66	-	6
F	29	-	6
M	25	-	6
F	22	-	6
F	34	-	6
F	50	-	6
F	28	-	6
F	20	-	6
F	21	-	6
M	19	-	6
M	37	-	6
M	57	-	6
M	25	-	6
M	36	-	6
M	27	-	6
F	46	-	6
F	25	-	6
F	38	-	6
F	38	-	6
F	22	-	6
F	30	-	6
F	23	5	6
F	50	-	6
F	30	-	6
F	29	-	6
F	26	-	6
F	30	-	6
F	40	-	6
F	41	-	6
F	34	-	6
F	24	-	6
F	36	6	6
F	37	-	6
F	41	5	6
F	32	-	6
F	34	-	6
F	38	-	6
F	38	-	6
F	37	-	6
F	43	-	6
F	48	-	6
F	22	-	6
F	26	-	6
F	23	-	6
M	28	-	6
M	57	-	6
M	30	-	6
M	44	-	6
M	26	-	6
F	31	-	6
F	29	-	6
F	28	-	6
F	32	-	6
F	33	-	6
F	30	-	6
M	42	-	6
M	25	-	6
M	46	-	6
M	28	-	6
M	24	5	6
M	34	5	6
M	30	-	6
M	48	-	6
F	30	-	6
F	39	-	6
F	31	-	6
F	27	-	6
F	32	-	6
F	38	-	6
F	55	-	6
F	27	-	6
F	37	-	6
F	60	-	6
F	46	-	6
F	28	5	6
F	57	-	6
F	32	-	6
F	27	-	6
F	33	-	6
F	58	-	6
F	22	5	6
F	25	-	6
F	33	-	6
F	20	-	6
F	27	-	6
F	32	-	6
F	30	5	6
F	46	-	6
F	26	-	6
F	33	-	6
F	27	-	6
F	34	-	6
F	36	-	6
F	25	-	6
F	22	-	6
F	40	-	6
F	35	-	6
F	43	-	6
M	31	-	6
M	40	-	6
F	54	-	6
F	49	-	6
F	29	-	6
M	27	-	6
M	32	-	6
M	33	-	6
M	26	5	6
M	21	5	6
M	33	-	6
F	45	5	6
M	41	-	6
M	37	-	6
F	39	-	6
F	33	6	6
F	47	-	6
F	25	-	6
F	46	-	6
F	32	-	6
F	36	-	6
F	25	-	6
F	41	-	6
F	42	5	6
F	31	-	6
F	23	-	6
F	33	-	6
F	48	-	6
F	23	-	6
M	31	-	6
M	59	-	6
M	34	-	6
M	49	-	6
M	24	-	6
M	35	-	6
M	33	-	6
M	52	-	6
M	27	-	6
M	51	-	6
M	38	-	6
M	42	-	6
M	38	-	6
M	64	-	6
M	24	-	6
M	29	-	6
M	36	-	6
F	36	-	6
F	29	-	6
F	21	-	6
F	24	-	6
F	22	-	6
F	21	-	6
F	21	-	6
F	23	-	6
F	22	-	6
F	38	-	6
F	39	-	6
F	52	5	6
F	48	-	6
F	24	-	6
F	53	-	6
F	50	-	6
F	29	-	6
F	32	-	6
F	25	5	6
F	41	-	6
F	39	-	6
F	25	-	6
F	38	-	6
F	27	-	6
F	27	-	6
F	26	-	6
F	56	-	6
F	33	-	6
F	30	-	6
F	33	-	6
M	37	-	6
M	42	-	6
M	29	-	6
M	48	5	6
M	64	-	6
M	46	-	6
F	36	-	6
F	58	-	6
F	42	-	6
M	60	5	6
M	45	-	6
F	27	-	6
F	38	-	6
F	24	5	6
F	30	-	6
F	32	-	6
F	30	-	6
F	34	-	6
F	21	-	6
M	48	-	6
M	21	-	6
M	48	5	6
M	29	-	6
M	23	5	6
F	21	5	6
F	20	-	6
F	25	5	6
F	19	-	6
F	20	-	6
F	35	-	6